sno,sna,sarea,ar,latitude,longitude,Quantity,available_rent_bikes,available_return_bikes,act,mday
500101001,YouBike2.0_捷運科技大樓站,大安區,復興南路二段235號前,25.02605,121.5436,28,1,25,1,2026-09-24 10:51:02
500101002,YouBike2.0_復興南路二段273號前,大安區,復興南路二段273號西側,25.02565,121.54357,21,2,19,1,2026-09-24 10:51:02
500101003,YouBike2.0_國北教大實小東側門,大安區,和平東路二段96巷7號,25.02429,121.54124,28,1,26,1,2026-09-24 10:51:02
500101004,YouBike2.0_和平公園東側,大安區,和平東路二段118巷33號,25.02351,121.54282,11,0,10,1,2026-09-24 10:51:02
500101005,YouBike2.0_辛亥復興路口西北側,大安區,復興南路二段368號,25.02153,121.54299,16,0,14,1,2026-09-24 10:51:02
500103001,YouBike2.0_延平國宅,大同區,延平北路五段1-1號(對面),25.07894,121.51121,41,20,21,1,2026-09-24 10:51:02
500103002,YouBike2.0_臺北市立圖書館大同分館,大同區,重慶北路三段318號旁,25.0741,121.51349,57,1,56,1,2026-09-24 10:51:02
500103003,YouBike2.0_合昌宮,大同區,環河北路二段371號旁,25.07717,121.50934,15,12,3,1,2026-09-24 10:51:02
500103004,YouBike2.0_民族延平路口,大同區,延平北路三段123號北側,25.06864,121.5107,36,7,28,1,2026-09-24 10:51:02
500103005,YouBike2.0_重慶酒泉街口,大同區,重慶北路三段260號前,25.07158,121.51368,44,0,44,1,2026-09-24 10:51:02
500103037,YouBike2.0_太原廣場,大同區,鄭州路23號(旁),25.04925,121.51468,31,2,26,1,2026-09-24 10:51:02
500103048,YouBike2.0_南京太原路口,大同區,南京西路/太原路(東側),25.05366,121.51638,29,1,27,1,2026-09-24 10:51:02
500103051,YouBike2.0_臺北轉運站(華陰街),大同區,華陰街45號(對面),25.04937,121.51914,20,16,3,1,2026-09-24 10:51:02
500103053,YouBike2.0_捷運中山站(5號出口),大同區,南京西路57號前,25.05296,121.51938,18,3,14,1,2026-09-24 10:51:02
500103054,YouBike2.0_重慶長安路口,大同區,長安西路244號(重慶路側),25.0515,121.51398,21,1,20,1,2026-09-24 10:51:02
500103059,YouBike2.0_承德鄭州路口(市民高架下),大同區,承德路一段/鄭州路口(市民高架下),25.04879,121.51626,38,6,32,1,2026-09-24 10:51:02
500103090,YouBike2.0_臺北當代藝術館,大同區,長安西路39號(前),25.05066,121.51846,12,4,8,1,2026-09-24 10:51:02
500104001,YouBike2.0_劍潭抽水站,士林區,通河東街325巷/通河東街口,25.08128,121.51784,17,0,17,1,2026-09-24 10:51:02
500104002,YouBike2.0_通河東街大南路口,士林區,通河東街1段192號(旁),25.08914,121.51542,15,6,7,1,2026-09-24 10:51:02
500104003,YouBike2.0_福港街停車場,士林區,華齡街175號(旁),25.08695,121.51901,38,11,24,1,2026-09-24 10:51:02
500104004,YouBike2.0_百齡國小,士林區,前港街104號(對面),25.08521,121.51918,68,1,66,1,2026-09-24 10:51:02
500104005,YouBike2.0_雨聲街165巷口,士林區,雨聲街/雨聲街165巷(西北側),25.10277,121.53357,24,3,21,1,2026-09-24 10:51:02
500105001,YouBike2.0_台北花木批發市場,文山區,萬盛街/興隆路一段(西北側),25.00402,121.54074,40,13,27,1,2026-09-24 10:51:02
500105002,YouBike2.0_捷運萬隆站(4號出口),文山區,羅斯福路5段210號(前),25.0027,121.53861,22,1,20,1,2026-09-24 10:51:02
500105003,YouBike2.0_捷運萬隆站(1號出口),文山區,羅斯福路五段250號(前),25.00115,121.53916,34,19,15,1,2026-09-24 10:51:02
500105004,YouBike2.0_萬和二號公園,文山區,萬隆街255號(對面),25.00154,121.5364,35,9,26,1,2026-09-24 10:51:02
500105005,YouBike2.0_捷運萬隆站(2號出口),文山區,興隆路一段70巷/羅斯福路5段211巷26弄口,25.00144,121.53983,18,3,9,1,2026-09-24 10:51:02
500106001,YouBike2.0_臺北自來水事業處,中正區,思源街1號東側,25.013741,121.53068,20,1,19,1,2026-09-24 10:51:02
500106002,YouBike2.0_汀州思源街口東南側,中正區,汀州路三段思源街口東南側,25.014697,121.531908,34,0,34,1,2026-09-24 10:51:02
500106003,YouBike2.0_捷運公館站(1號出口),中正區,羅斯福路四段68號,25.014529,121.534374,12,1,11,1,2026-09-24 10:51:02
500106004,YouBike2.0_捷運公館站(4號出口),中正區,羅斯福路四段48號,25.015069,121.533828,12,0,12,1,2026-09-24 10:51:02
500106005,YouBike2.0_捷運古亭站(9號出口),中正區,羅斯福路二段100號(前方),25.02694,121.52224,24,2,22,1,2026-09-24 10:51:02
500106043,YouBike2.0_捷運善導寺站(1號出口),中正區,忠孝東路一段7號,25.04527,121.5222,46,10,35,1,2026-09-24 10:51:02
500106062,YouBike2.0_捷運臺大醫院站(4號出口),中正區,常德街1號(公園路側),25.04297,121.51643,60,7,52,1,2026-09-24 10:51:02
500106067,YouBike2.0_臺北轉運站,中正區,市民大道一段/中山北路一段(西北側),25.04842,121.51994,68,21,47,1,2026-09-24 10:51:02
500106071,YouBike2.0_中山青島路口,中正區,中山南路/青島東路口(東北側),25.04503,121.51968,40,25,15,1,2026-09-24 10:51:02
500106080,YouBike2.0_捷運臺北車站(M2出口),中正區,市民大道一段168號旁,25.04821,121.51903,20,4,15,1,2026-09-24 10:51:02
500106083,YouBike2.0_臺北市國父史蹟館(逸仙公園),中正區,中山北路一段46號北側,25.04779,121.52042,31,6,25,1,2026-09-24 10:51:02
500106099,YouBike2.0_林森北平路口,中正區,林森北路與北平東路口西北側,25.04659,121.52377,20,5,15,1,2026-09-24 10:51:02
500106101,YouBike2.0_天津北平路口,中正區,天津街1號對側人行道,25.04692,121.52208,25,6,19,1,2026-09-24 10:51:02
500106105,YouBike2.0_臺大醫院兒童醫院,中正區,中山南路8號(青島西路側),25.04461,121.5188,22,15,6,1,2026-09-24 10:51:02
500106112,YouBike2.0_忠孝西重慶南路口,中正區,忠孝西路一段100號前,25.04724,121.51272,33,28,3,1,2026-09-24 10:51:02
500106144,YouBike2.0_立法院中興大樓,中正區,濟南路一段3-1號,25.04278,121.52119,13,9,3,1,2026-09-24 10:51:02
500107001,YouBike2.0_通北街65巷口,中山區,通北街/通北街65巷口(東北側),25.08251,121.54004,27,6,21,1,2026-09-24 10:51:02
500107002,YouBike2.0_圓山風景區,中山區,北安路/北安路77巷口(西北側),25.07805,121.5295,15,11,4,1,2026-09-24 10:51:02
500107003,YouBike2.0_樂群二堤頂大道口,中山區,堤頂大道二段382號(旁),25.0803,121.56251,20,10,10,1,2026-09-24 10:51:02
500107004,YouBike2.0_劍潭社區,中山區,通北街146巷2弄2號(對面公園),25.08524,121.53748,13,2,11,1,2026-09-24 10:51:02
500107005,YouBike2.0_培英公園,中山區,崇實路/大直街62巷(東南側),25.08258,121.54462,40,35,5,1,2026-09-24 10:51:02
500107059,YouBike2.0_捷運中山站(2號出口),中山區,南京西路4號前,25.05228,121.52176,33,13,18,1,2026-09-24 10:51:02
500107139,YouBike2.0_市民大道二段5巷口,中山區,市民大道二段/市民大道二段5巷,25.04812,121.52166,58,7,50,1,2026-09-24 10:51:02
500107163,YouBike2.0_中山市場,中山區,長安西路3號,25.05007,121.52107,16,12,4,1,2026-09-24 10:51:02
500108001,YouBike2.0_文湖街21巷118弄口,內湖區,文湖街21巷118弄6-10號(前),25.09122,121.55961,28,3,25,1,2026-09-24 10:51:02
500108002,YouBike2.0_北勢湖環保公園,內湖區,內湖路一段66-72號前方公園,25.08378,121.56208,27,12,15,1,2026-09-24 10:51:02
500108003,YouBike2.0_洲子一號公園,內湖區,基湖路37號西側,25.07977,121.56454,43,21,21,1,2026-09-24 10:51:02
500108004,YouBike2.0_西康公園,內湖區,內湖路一段225巷口,25.08284,121.56449,21,2,18,1,2026-09-24 10:51:02
500108005,YouBike2.0_文湖國小,內湖區,文湖街21巷口北側,25.08637,121.56088,43,1,41,1,2026-09-24 10:51:18
500109001,YouBike2.0_承德路七段304巷口,北投區,承德路七段306-308號(前),25.1168,121.5048,24,3,21,1,2026-09-24 10:51:02
500109002,YouBike2.0_洲美運動公園,北投區,洲美街271號(對面),25.10981,121.49886,25,12,11,1,2026-09-24 10:51:02
500109003,YouBike2.0_榮華二明德路口,北投區,明德路212號(榮華二路側人行道),25.11357,121.52255,30,2,28,1,2026-09-24 10:51:02
500109004,YouBike2.0_捷運明德站(1號出口),北投區,西安街一段明德路口(東南側),25.10896,121.51936,23,0,23,1,2026-09-24 10:51:02
500109005,YouBike2.0_文林建民路口,北投區,文林北路214-216號(前),25.10788,121.51457,36,4,31,1,2026-09-24 10:51:02
500110002,YouBike2.0_捷運松山站(4號出口),松山區,八德路四段742號,25.04987,121.57785,19,8,10,1,2026-09-24 10:51:02
500110003,YouBike2.0_塔悠八德路口,松山區,塔悠路2號(旁),25.05009,121.57202,34,7,27,1,2026-09-24 10:51:02
500110004,YouBike2.0_鵬程公園,松山區,健康路399號北側,25.05503,121.56876,24,14,10,1,2026-09-24 10:51:02
500110005,YouBike2.0_中崙高中,松山區,八德路四段91巷9號(對面),25.04878,121.56087,85,53,30,1,2026-09-24 10:51:02
500110006,YouBike2.0_捷運南京三民站(2號出口),松山區,南京東路五段156號(前),25.05136,121.56283,19,7,12,1,2026-09-24 10:51:02
500111001,YouBike2.0_南港公園(東新街),南港區,東新街170巷1號西南側,25.04591,121.59226,25,8,15,1,2026-09-24 10:51:02
500111002,YouBike2.0_南港公園(福德街),南港區,福德街383號北側,25.04128,121.59089,56,10,46,1,2026-09-24 10:51:02
500111003,YouBike2.0_捷運昆陽站(1號出口),南港區,忠孝東路六段403號,25.05014,121.59238,65,4,61,1,2026-09-24 10:51:02
500111004,YouBike2.0_忠孝東路六段225巷口,南港區,忠孝東路六段219號,25.04919,121.58832,35,1,34,1,2026-09-24 10:51:02
500111005,YouBike2.0_捷運後山埤站(1號出口),南港區,中坡北路7號東側,25.04437,121.58133,53,10,43,1,2026-09-24 10:51:02
500112001,YouBike2.0_黎忠區民活動中心,信義區,和平東路三段391巷16號,25.02035,121.55769,32,1,30,1,2026-09-24 10:51:02
500112002,YouBike2.0_基隆路二段159巷口,信義區,基隆路二段155號,25.02561,121.55409,14,2,12,1,2026-09-24 10:51:02
500112003,YouBike2.0_嘉興街175巷口,信義區,基隆路二段131-4號(前),25.02811,121.55671,23,2,20,1,2026-09-24 10:51:02
500112004,YouBike2.0_和平東路三段631巷口,信義區,和平東路三段633號前,25.0132,121.56335,24,6,18,1,2026-09-24 10:51:02
500112005,YouBike2.0_和平東路三段530巷口,信義區,和平東路三段530巷口東北側,25.01545,121.56134,36,4,32,1,2026-09-24 10:51:02
500113001,YouBike2.0_德昌寶興街口(西北角),萬華區,寶興街186號(前),25.02365,121.49528,14,10,4,1,2026-09-24 10:51:02
500113002,YouBike2.0_寶興長泰街口(西南角),萬華區,寶興街/長泰街(西南側),25.0216,121.49597,17,1,16,1,2026-09-24 10:51:02
500113003,YouBike2.0_萬大路486巷口,萬華區,萬大路482號(旁),25.01975,121.4973,10,6,3,1,2026-09-24 10:51:02
500113004,YouBike2.0_國興中華路口,萬華區,國興路2號前,25.02485,121.50898,22,7,15,1,2026-09-24 10:51:02
500113005,YouBike2.0_古亭國中,萬華區,中華路二段465號對側,25.02442,121.5107,51,23,28,1,2026-09-24 10:51:02
500119005,YouBike2.0_臺大水源舍區A棟,臺大公館校區,汀洲路三段60巷2弄路側(A舍北側),25.01493,121.53044,37,0,36,1,2026-09-24 10:51:18
500119006,YouBike2.0_臺大卓越研究大樓,臺大公館校區,臺大水源舍區C南側,25.01466,121.52917,92,1,91,1,2026-09-24 10:51:02
500119007,YouBike2.0_臺大水源修齊會館,臺大公館校區,思源街16號之1旁,25.01411,121.52997,35,0,35,1,2026-09-24 10:51:02
500119008,YouBike2.0_臺大檔案展示館,臺大公館校區,臺大檔案展示館東北側,25.01391,121.52895,10,0,10,1,2026-09-24 10:51:02
500119009,YouBike2.0_臺大水源舍區B棟,臺大公館校區,汀洲路三段60巷2弄路側(B舍北側),25.01525,121.53009,30,1,29,1,2026-09-24 10:51:02
